"",sample_description,base_count,samples,variable,value,se
"1",Worm burrow,47492293,ERR2233229,Shannon,6.21628401714836,
"2",Worm burrow,39513544,ERR2233255,Shannon,6.2503315195438,
"3",Worm burrow,41586000,ERR2233253,Shannon,6.2341659081261,
"4",Worm burrow,43065158,ERR2233254,Shannon,5.24319030253238,
"5",Worm burrow,36047338,ERR2233231,Shannon,6.26548840087259,
"6",Worm burrow,36324329,ERR2233239,Shannon,6.02022290574515,
"7",Worm burrow,35630998,ERR2233233,Shannon,6.2793188926373,
"8",Worm burrow,31702727,ERR2233235,Shannon,6.38404728397571,
"9",Worm burrow,38667823,ERR2233236,Shannon,6.35252153038592,
"10",Worm burrow,33507850,ERR2233240,Shannon,6.30354956935697,
"11",Worm burrow,29278855,ERR2233238,Shannon,6.27931341392538,
"12",sediment,33031606,ERR2233271,Shannon,6.22790760146751,
"13",sediment,39229765,ERR2233241,Shannon,6.25468658224343,
"14",sediment,36630419,ERR2233248,Shannon,6.31412272962494,
"15",sediment,30235178,ERR2233243,Shannon,6.34288114939664,
"16",sediment,32168383,ERR2233245,Shannon,6.39613546747498,
"17",sediment,28498908,ERR2233246,Shannon,6.40761729930092,
"18",sediment,37433548,ERR2233249,Shannon,6.23736653859435,
"19",sediment,36724733,ERR2233250,Shannon,6.27208532442943,
"20",Worm burrow,54506606,ERR2233251,Shannon,6.3400062296464,
"21",Worm burrow,23483617,ERR2233259,Shannon,5.56555805023647,
"22",sediment,32047233,ERR2233264,Shannon,6.12323487760157,
"23",sediment,37744370,ERR2233265,Shannon,6.10945300315646,
"24",Worm burrow,40162629,ERR2233268,Shannon,6.02509929729142,
"25",Worm burrow,41490320,ERR2233277,Shannon,5.64778406438406,
"26",Worm burrow,43946826,ERR2233278,Shannon,5.89802668539905,
"27",sediment,40593531,ERR2233287,Shannon,4.17329877356812,
"28",Worm burrow,15365772,ERR2233317,Shannon,5.06781797015048,
"29",Worm burrow,30062263,ERR2233261,Shannon,6.16505220500283,
"30",sediment,36075942,ERR2233270,Shannon,6.2865211801276,
"31",Worm burrow,38439886,ERR2233266,Shannon,6.2324409363894,
"32",Worm burrow,38983201,ERR2233234,Shannon,5.84192607578242,
"33",sediment,30627394,ERR2233247,Shannon,6.33214435967948,
"34",sediment,50292692,ERR2233257,Shannon,6.35167787151108,
"35",Worm burrow,35839117,ERR2233262,Shannon,5.64957357725684,
"36",sediment,37215521,ERR2233269,Shannon,6.24751531651557,
"37",Worm burrow,44220596,ERR2233267,Shannon,6.29475027151973,
"38",Worm burrow,29730473,ERR2233237,Shannon,6.35557094472188,
"39",sediment,41870268,ERR2233256,Shannon,5.60159178444361,
"40",sediment,37382396,ERR2233286,Shannon,4.23490246253351,
"41",sediment,55873203,ERR2233292,Shannon,4.59789954899606,
"42",sediment, 1283214,ERR2233294,Shannon,3.4995953454758,
"43",sediment,35226237,ERR2233310,Shannon,4.7049793642011,
"44",sediment,42696144,ERR2233293,Shannon,4.53649500059921,
"45",sediment,48289087,ERR2233299,Shannon,3.28621874570599,
"46",sediment,70739775,ERR2233301,Shannon,3.00656893252313,
"47",sediment,29059569,ERR2233303,Shannon,3.64687980330556,
"48",Worm burrow,27523195,ERR2233260,Shannon,6.0078102129531,
"49",sediment,30070615,ERR2233244,Shannon,6.31570399521559,
"50",sediment,33199506,ERR2233304,Shannon,5.21644180900359,
"51",sediment,34184864,ERR2233273,Shannon,5.59590001677027,
"52",Worm burrow,45090208,ERR2233276,Shannon,5.98803102006294,
"53",sediment,24168820,ERR2233318,Shannon,4.99301890512275,
"54",sediment,38982222,ERR2233258,Shannon,5.33127292980849,
"55",sediment,45420328,ERR2233312,Shannon,5.40102549811725,
"56",sediment,35967371,ERR2233263,Shannon,6.15971233972761,
"57",sediment,39643111,ERR2233307,Shannon,4.38916393565869,
"58",sediment,33194473,ERR2233272,Shannon,5.94693350665186,
"59",sediment,49705040,ERR2233309,Shannon,5.13338662317888,
"60",sediment,35087554,ERR2233274,Shannon,5.68687580427016,
"61",Worm burrow,36097361,ERR2233275,Shannon,5.81519595502746,
"62",Worm burrow,31656299,ERR2233279,Shannon,5.92948314756698,
"63",sediment,36875338,ERR2233280,Shannon,3.41842842400839,
"64",sediment,35353490,ERR2233281,Shannon,4.77909707321359,
"65",sediment,39603897,ERR2233282,Shannon,4.68380362451062,
"66",sediment,42030654,ERR2233283,Shannon,4.73446704159399,
"67",sediment,35493336,ERR2233284,Shannon,4.77039563345339,
"68",sediment,46952795,ERR2233285,Shannon,3.2423490718191,
"69",sediment,41972274,ERR2233289,Shannon,3.41769020113707,
"70",sediment,39756401,ERR2233297,Shannon,4.44667177251086,
"71",sediment,42803631,ERR2233295,Shannon,4.44422178737215,
"72",sediment,27701307,ERR2233296,Shannon,4.52983865671278,
"73",sediment,45631307,ERR2233313,Shannon,4.79849076337037,
"74",sediment,47874895,ERR2233300,Shannon,3.47455496793402,
"75",sediment, 4343312,ERR2233302,Shannon,2.64283839042272,
"76",sediment,39189052,ERR2233314,Shannon,5.23045571445525,
"77",sediment,34024466,ERR2233305,Shannon,5.31849707209419,
"78",sediment,37838675,ERR2233311,Shannon,3.70076064280868,
"79",sediment,31032790,ERR2233306,Shannon,5.43515286223345,
"80",sediment,43306315,ERR2233308,Shannon,5.20435736504094,
"81",sediment,57433456,ERR2233315,Shannon,3.07688527250398,
"82",Worm burrow,28730220,ERR2233316,Shannon,4.94375253500809,
"83",sediment,25253374,ERR2233319,Shannon,4.9460499805724,
"84",sediment,28342255,ERR2233320,Shannon,5.09917387109886,
"85",sediment,29520771,ERR2233321,Shannon,4.81917068728065,
"86",sediment,40871307,ERR2233230,Shannon,6.32073637497267,
"87",sediment,35121332,ERR2233242,Shannon,6.36701124626136,
"88",sediment,32299577,ERR2233288,Shannon,3.49635523406566,
"89",sediment,35131096,ERR2233290,Shannon,2.28814899247722,
"90",sediment,41769208,ERR2233291,Shannon,1.69993298725,
"91",Worm burrow,34964339,ERR2233232,Shannon,5.91376185532948,
"92",sediment,24258838,ERR2233252,Shannon,6.27823879404568,
"93",sediment,  467941,ERR2233298,Shannon,3.03542735955339,
"94",blank,  264928,ERR2233324,Shannon,3.02802907330741,
"95",blank,  285335,ERR2233323,Shannon,2.8798299095607,
"96",blank,  142254,ERR2233326,Shannon,1.6094379124341,
"97",blank,  180494,ERR2233322,Shannon,2.55273443849348,
"98",blank,  241027,ERR2233325,Shannon,0,
