"",Pvalues,FDR
Not_Assigned,1.0605e-31,4.3481e-30
Planctomyces,1.0102e-07,2.071e-06
Desulfococcus,3.5492e-07,4.8506e-06
Lutimonas,6.5924e-06,6.7572e-05
Candidatus_Portiera,1.6887e-05,0.00012522
Ulvibacter,1.8325e-05,0.00012522
LCP_26,0.00013346,0.0006551
LCP_6,0.00013913,0.0006551
C1_B004,0.0001438,0.0006551
HTCC,0.00043774,0.0017947
Opitutus,0.00049032,0.0018275
Sporosarcina,0.00053677,0.001834
Gaetbulibacter,0.00058552,0.0018466
Desulfosarcina,0.0019128,0.0056018
Mariprofundus,0.0027562,0.0075335
so4B24,0.0043305,0.011097
Spirochaeta,0.0048502,0.011697
Propionigenium,0.0086748,0.019759
Haliscomenobacter,0.012322,0.026589
Hyphomicrobium,0.020694,0.040738
GOUTA19,0.022128,0.040738
BD2_6,0.022616,0.040738
Robiginitalea,0.02369,0.040738
Octadecabacter,0.023847,0.040738
Winogradskyella,0.039207,0.064299
Bacillus,0.062539,0.098619
Maribacter,0.1254,0.19043
Planococcus,0.13514,0.19788
Loktanella,0.16952,0.23967
Lysinibacillus,0.20338,0.27796
Gallionella,0.21061,0.27856
Desulfomonile,0.31958,0.40947
Persicirhabdus,0.34564,0.42943
Nitrospina,0.40442,0.48768
Clostridium,0.4237,0.49513
MSBL3,0.43475,0.49513
Tepidibacter,0.49182,0.53804
Tindallia_Anoxynatronum,0.49867,0.53804
Psychrilyobacter,0.58052,0.61029
Olleya,0.78349,0.80308
Phaeobacter,0.94064,0.94064
