"",Taxa,Abundance,Percentage
"1",Not_Assigned,848312,33.8
"2",Bacillaceae,355534,14.17
"3",Flavobacteriaceae,164608,6.56
"4",Enterobacteriaceae,113264,4.51
"5",Desulfobacteraceae,106158,4.23
"6",Desulfobulbaceae,105087,4.19
"7",Planococcaceae,96031,3.83
"8",Syntrophobacteraceae,75283,3
"9",Pirellulaceae,73553,2.93
"10",Marinicellaceae,71882,2.86
"11",Piscirickettsiaceae,69679,2.78
"12",Flammeovirgaceae,57489,2.29
"13",OM60,34056,1.36
"14",Saprospiraceae,22766,0.91
"15",Caldithrixaceae,20684,0.82
"16",Clostridiaceae,19276,0.77
"17",Rhodobacteraceae,17991,0.72
"18",Ignavibacteriaceae,16958,0.68
"19",Thermodesulfovibrionaceae,14239,0.57
"20",Hyphomicrobiaceae,14080,0.56
"21",KSB4,14018,0.56
"22",Desulfuromonadaceae,13271,0.53
"23",SB_1,12185,0.49
"24",Chromatiaceae,11342,0.45
"25",Peptostreptococcaceae,11307,0.45
"26",Mariprofundaceae,10724,0.43
"27",Spirochaetaceae,10637,0.42
"28",koll13,10418,0.42
"29",JTB215,9945,0.4
"30",Desulfarculaceae,8525,0.34
"31",C111,8516,0.34
"32",Lachnospiraceae,8421,0.34
"33",Cryomorphaceae,8151,0.32
"34",VC21_Bac22,7784,0.31
"35",lheB3_7,5515,0.22
"36",Fusobacteriaceae,5417,0.22
"37",Thiotrichaceae,4804,0.19
"38",Planctomycetaceae,4507,0.18
"39",Rhodothermaceae,2779,0.11
"40",NB1_i,2677,0.11
"41",HTCC2089,2522,0.1
"42",Caldilineaceae,2490,0.1
"43",Verrucomicrobiaceae,2472,0.1
"44",Phyllobacteriaceae,2439,0.1
"45",Gallionellaceae,2345,0.09
"46",Nitrospinaceae,1852,0.07
"47",BA059,1499,0.06
"48",JTB38,1493,0.06
"49",MSBL8,1469,0.06
"50",HTCC2188,1463,0.06
"51",At425_EubF1,1437,0.06
"52",SHA_116,1428,0.06
"53",A714017,1377,0.05
"54",Rhodospirillaceae,1364,0.05
"55",Nitrospiraceae,1308,0.05
"56",Anaerolinaceae,1153,0.05
"57",A4b,1066,0.04
"58",Ectothiorhodospiraceae,965,0.04
"59",A0_023,920,0.04
"60",Ruminococcaceae,914,0.04
"61",Haloplasmataceae,857,0.03
"62",Helicobacteraceae,852,0.03
"63",DHVEG_1,780,0.03
"64",Dehalococcoidaceae,760,0.03
"65",CV106,680,0.03
"66",MSB_4E2,562,0.02
"67",Opitutaceae,551,0.02
"68",Cohaesibacteraceae,539,0.02
"69",kpj58rc,498,0.02
"70",JTB36,311,0.01
"71",SHA_31,297,0.01
"72",Christensenellaceae,295,0.01
"73",Acidimicrobiaceae,289,0.01
"74",CCA47,277,0.01
"75",TMEG,252,0.01
"76",Methanomassiliicoccaceae,248,0.01
"77",PK34,241,0.01
"78",Halomonadaceae,241,0.01
"79",Syntrophaceae,239,0.01
"80",wb1_P06,228,0.01
"81",LD1_PA34,224,0.01
"82",SHAS460,220,0.01
"83",Marinilabiaceae,216,0.01
"84",Sphingomonadaceae,211,0.01
