"","MeanDecreaseAccuracy"
"Mariprofundus",0.09997
"Ulvibacter",0.096237
"Not_Assigned",0.042785
"Desulfococcus",0.015814
"Nitrospina",0.0093324
"Bacillus",0.0087468
"Gallionella",0.0082157
"Phaeobacter",0.0051375
"Desulfomonile",0.0046191
"Octadecabacter",0.0038434
"LCP_6",0.0037792
"HTCC",0.0035217
"Gaetbulibacter",0.0029806
"Haliscomenobacter",0.0029399
"Spirochaeta",0.0021536
"Loktanella",0.0020642
"LCP_26",0.0019771
"Sporosarcina",0.0015364
"Hyphomicrobium",0.0013514
"Propionigenium",0.0012423
"Olleya",0.00061778
"Opitutus",0.00055995
"so4B24",0.00047282
"Robiginitalea",0.0004432
"Lutimonas",0.00040224
"Planctomyces",0.00034869
"MSBL3",0.00034322
"Clostridium",0.00032697
"Winogradskyella",0.00032489
"Tindallia_Anoxynatronum",0.00028816
"C1_B004",0.00019793
"Desulfosarcina",0.00018252
"BD2_6",0.00011041
"Lysinibacillus",6.0606e-05
"Planococcus",5.4054e-05
"Candidatus_Portiera",1.6134e-05
"GOUTA19",0
"Psychrilyobacter",-1.5295e-05
"Tepidibacter",-0.00036825
"Maribacter",-0.00037859
"Persicirhabdus",-0.00078937
